city,email
Adachi,tokyoroadreport@gmail.com
Akiruno,tokyoroadreport@gmail.com
Akishima,tokyoroadreport@gmail.com
Aogashima,tokyoroadreport@gmail.com
Arakawa,tokyoroadreport@gmail.com
Bunkyō,tokyoroadreport@gmail.com
Chiyoda,tokyoroadreport@gmail.com
Chōfu,tokyoroadreport@gmail.com
Chūō,tokyoroadreport@gmail.com
Edogawa,tokyoroadreport@gmail.com
Fuchū,tokyoroadreport@gmail.com
Fussa,tokyoroadreport@gmail.com
Hachiōji,tokyoroadreport@gmail.com
Hachijō,tokyoroadreport@gmail.com
Hamura,tokyoroadreport@gmail.com
Higashikurume,tokyoroadreport@gmail.com
Higashimurayama,tokyoroadreport@gmail.com
Higashiyamato,tokyoroadreport@gmail.com
Hinode,tokyoroadreport@gmail.com
Hino,tokyoroadreport@gmail.com
Hinohara,tokyoroadreport@gmail.com
Inagi,tokyoroadreport@gmail.com
Itabashi,tokyoroadreport@gmail.com
Katsushika,tokyoroadreport@gmail.com
Kita,tokyoroadreport@gmail.com
Kiyose,tokyoroadreport@gmail.com
Kodaira,tokyoroadreport@gmail.com
Koganei,tokyoroadreport@gmail.com
Kokubunji,tokyoroadreport@gmail.com
Komae,tokyoroadreport@gmail.com
Kōtō,tokyoroadreport@gmail.com
Kozushima,tokyoroadreport@gmail.com
Machida,tokyoroadreport@gmail.com
Meguro,tokyoroadreport@gmail.com
Mikurajima,tokyoroadreport@gmail.com
Minato,tokyoroadreport@gmail.com
Mitaka,tokyoroadreport@gmail.com
Miyake,tokyoroadreport@gmail.com
Mizuho,tokyoroadreport@gmail.com
Musashimurayama,tokyoroadreport@gmail.com
Musashino,tokyoroadreport@gmail.com
Nakano,tokyoroadreport@gmail.com
Nerima,tokyoroadreport@gmail.com
Niijima,tokyoroadreport@gmail.com
Nishi-Tōkyō,tokyoroadreport@gmail.com
Ōgasawara,tokyoroadreport@gmail.com
Ōme,tokyoroadreport@gmail.com
Okutama,tokyoroadreport@gmail.com
Ōshima,tokyoroadreport@gmail.com
Ōta,tokyoroadreport@gmail.com
Setagaya,tokyoroadreport@gmail.com
Shibuya,tokyoroadreport@gmail.com
Shinagawa,tokyoroadreport@gmail.com
Shinjuku,tokyoroadreport@gmail.com
Suginami,tokyoroadreport@gmail.com
Sumida,tokyoroadreport@gmail.com
Tachikawa,tokyoroadreport@gmail.com
Taitō,tokyoroadreport@gmail.com
Tama,tokyoroadreport@gmail.com
Tōkai,tokyoroadreport@gmail.com
Toshima,tokyoroadreport@gmail.com
